{
  "project_info": {
    "project_number": "788830142977",
    "project_id": "monitoreosalud2",
    "storage_bucket": "monitoreosalud2.firebasestorage.app"
  },
  "client": [
    {
      "client_info": {
        "mobilesdk_app_id": "1:788830142977:android:b7074e0d5451a277727600",
        "android_client_info": {
          "package_name": "com.example.medidas_de_salud"
        }
      },
      "oauth_client": [],
      "api_key": [
        {
          "current_key": "AIzaSyATWlGcbPVKJNeiw520a9vmNxizg3KVaEs"
        }
      ],
      "services": {
        "appinvite_service": {
          "other_platform_oauth_client": []
        }
      }
    }
  ],
  "configuration_version": "1"
}